name,appid,price,genres,num_reviews,release,developer,publisher,isWindows,isMac,isLinux,player_count,min_pc_cpu,min_pc_gpu,metacritic_score,ign_score,community_score
PUBG BATTLEGROUNDS,578080,0,"Action, Adventure, Massively Multiplayer, Free To Play",1758556,2017-12-21,PUBG Corporation,"KRAFTON, Inc.",TRUE,FALSE,FALSE,104833,Intel Core i5-4430 / AMD FX-6300,NVIDIA GeForce GTX 960 2GB / AMD Radeon R7 370 2GB,NA,9.5,6.8
Black Myth Wukong,2358720,59.99,"Action, Adventure, RPG",870945,2024-08-19,Game Science,Game Science,TRUE,FALSE,FALSE,3299,Intel Core i5-8400 / AMD Ryzen 5 1600,NVIDIA GeForce GTX 1060 6GB / AMD Radeon RX 580 8GB,NA,8,9.5
Palworld,1623730,29.99,"Action, Adventure, Indie, RPG, Early Access",353099,2024-01-18,Pocketpair,Pocketpair,TRUE,FALSE,FALSE,21308,i5-3570K 3.4 GHz 4 Core,GeForce GTX 1050 (2GB),NA,8,7.8
Counter-Strike 2,730,0,"Action, Free To Play",5031662,2012-08-21,Valve,Valve,TRUE,FALSE,TRUE,643249,4 hardware CPU threads - Intel® Core™ i5 750 or higher,Video card must be 1 GB or more and should be a DirectX 11-compatible with support for Shader Model 5.0,NA,NR,7.2
Monster Hunter Wilds,2246340,69.99,"Action, Adventure, RPG",192107,2025-02-27,"CAPCOM Co., Ltd.","CAPCOM Co., Ltd.",TRUE,FALSE,FALSE,12038,Intel® Core™ i5-10400 or Intel® Core™ i3-12100 or AMD Ryzen™ 5 3600,NVIDIA® GeForce® GTX 1660(VRAM 6GB) or AMD Radeon™ RX 5500 XT(VRAM 8GB),NA,8,8.2
Lost Ark,1599340,0,"Action, Adventure, Massively Multiplayer, RPG, Free To Play",65235,2022-02-11,Smilegate RPG,Amazon Game Studios,TRUE,FALSE,FALSE,5336,Intel Core i3 – 10100 AMD Ryzen3 3100,Nvidia Geforce GTX 1050 Ti / AMD Radeon RX 560,NA,8,6.3
Dota 2,570,0,"Action, Strategy, Free To Play",14372,2013-07-09,Valve,Valve,TRUE,TRUE,TRUE,280541,Dual core from Intel or AMD at 2.8 GHz,"NVIDIA GeForce 8600/9600GT, ATI/AMD Radeon HD2600/3600",90,9.4,7.4
Cyberpunk 2077,1091500,59.99,RPG,842315,2020-12-09,CD PROJEKT RED,CD PROJEKT RED,TRUE,TRUE,FALSE,23176,Core i7-6700 or Ryzen 5 1600,GeForce GTX 1060 6GB or Radeon RX 580 8GB or Arc A380,86,9,8.7
ELDEN RING,1245620,59.99,"Action, RPG",812558,2022-02-24,"FromSoftware, Inc.","FromSoftware, Inc., Bandai Namco Entertainment",TRUE,FALSE,FALSE,29107,INTEL CORE I5-8400 or AMD RYZEN 3 3300X,NVIDIA GEFORCE GTX 1060 3 GB or AMD RADEON RX 580 4 GB,94,10,9.5
Banana,2923300,0,"Adventure, Casual, Indie, Simulation, Strategy, Free To Play",NA,2024-04-23,"Sky, AestheticSpartan, O'Brian",Sky,TRUE,FALSE,TRUE,23036,Intel i5 5500 / AMD Ryzen 5 5600X,Any,NA,NR,2.8
New World Aeternum,1063730,0,"Action, Adventure, Massively Multiplayer, RPG",253777,2021-09-28,Amazon Game Studios,Amazon Game Studios,TRUE,FALSE,FALSE,601,Intel® Core i5-10500 @ 3.10GHz / AMD Ryzen 3 3300X,NVIDIA GTX 1060 3 GB / AMD Radeon RX 590,NA,NR,6.7
Hogwarts Legacy,990080,59.99,"Action, Adventure, RPG",267371,2023-02-10,Avalanche Software,Warner Bros. Games,TRUE,FALSE,FALSE,6195,Intel Core i5-6600 (3.3Ghz) or AMD Ryzen 5 1400 (3.2Ghz),NVIDIA GeForce GTX 960 4GB or AMD Radeon RX 470 4GB,83,9,8.4
Baldurs Gate 3,1086940,59.99,"Adventure, RPG, Strategy",734510,2023-08-03,Larian Studios,Larian Studios,TRUE,TRUE,FALSE,52870,Intel I5 4690 / AMD FX 8350 / Snapdragon X Elite,Nvidia GTX 970 / RX 480 / Intel Arc A380 / Qualcomm Adreno X1 (4GB+ of VRAM),96,NA,NA
Battlefield 6,2807960,69.99,Action,268023,2025-10-10,Battlefield Studios,Electronic Arts,TRUE,FALSE,FALSE,33682,"Intel Core i5-8400, AMD Ryzen 5 2600","Nvidia RTX 2060, AMD Radeon RX 5600 XT 6GB, Intel Arc A380",82,8,7.8
Goose Goose Duck,1568590,0,"Casual, Indie, Massively Multiplayer, Strategy, Free To Play",NA,2021-10-03,"Gaggle Studios, Inc.","Gaggle Studios, Inc.",TRUE,TRUE,FALSE,1841,Intel Core2 Duo 2.4ghz+,Integrated Graphics,NA,NR,7.7
Marvel Rivals,2767030,0,"Action, Free To Play",NA,2024-12-05,NetEase Games,NetEase Games,TRUE,FALSE,FALSE,93477,Intel Core i5-6600K or AMD Ryzen 5 1600X,NVIDIA GeForce GTX 1060 / AMD RX 580 / Intel Arc A380,NA,8,7.7
Apex Legends,1172470,0,"Action, Adventure, Free To Play",1575,2020-11-04,Respawn,Electronic Arts,TRUE,FALSE,FALSE,79395,"AMD FX 4350 or Equivalent, Intel Core i3 6300 or Equivalent","AMD Radeon™ HD 7790 (2 GB), NVIDIA GeForce® GTX 950",88,9,7.2
Hollow Knight Silksong,1030300,19.99,"Action, Adventure, Indie",368534,2025-09-04,Team Cherry,Team Cherry,TRUE,TRUE,TRUE,6705,"Intel Core i3-3240, AMD FX-4300","GeForce GTX 560 Ti (1GB), Radeon HD 7750 (1GB)",90,9,9.3
Path of Exile 2,2694490,29.99,"Action, Adventure, Massively Multiplayer, RPG, Early Access",153080,2024-12-06,Grinding Gear Games,Grinding Gear Games,TRUE,FALSE,FALSE,6852,Intel® Core™ i7-7700 or AMD™ Ryzen 5 2500x,"NVIDIA® GeForce® GTX 960 (3GB), Intel® Arc™ A380, or ATI Radeon™ RX 470",NA,8,8.1
Slay the Spire 2,2868840,24.99,"Indie, Strategy, Early Access",103228,2026-03-05,Mega Crit,Mega Crit,TRUE,TRUE,TRUE,149536,Dual-core 2.0 GHz,"DirectX 12 or Vulkan compatible, 1 GB VRAM",NA,9,9.4
Valheim,892970,19.99,"Action, Adventure, Indie, RPG, Early Access",449881,2021-02-02,Iron Gate AB,Coffee Stain Publishing,TRUE,TRUE,TRUE,20425,2.6 GHz Quad Core or similar,GeForce GTX 950 or Radeon HD 7970,NA,9,8.1
Call of Duty,1938090,0,Action,407633,2022-10-27,"Treyarch, Raven Software, Beenox, High Moon Studios, Sledgehammer Games, Infinity Ward, Activision Shanghai, Demonware",Activision,TRUE,FALSE,FALSE,40042,AMD Ryzen™ 5 1400 or Intel® Core™ i5-6600,"AMD Radeon™ RX 470, NVIDIA® GeForce® GTX 970 / 1060 or Intel® Arc™ A580",NA,9.3,8
Terraria,105600,9.99,"Action, Adventure, Indie, RPG",1207955,2011-05-16,Re-Logic,Re-Logic,TRUE,TRUE,TRUE,24912,NA,NA,83,9,8.7
ARC Raiders,1808500,39.99,Action,275970,2025-10-30,Embark Studios,Embark Studios,TRUE,FALSE,FALSE,95900,Intel Core i5-6600K or AMD Ryzen R5 1600 processor,NVIDIA GeForce GTX 1050 Ti or AMD Radeon RX 580 or Intel Arc A380,NA,9,8.4
Fallout 4,377160,19.99,RPG,285739,2015-11-09,Bethesda Game Studios,Bethesda Softworks,TRUE,FALSE,FALSE,15153,Intel Core i5-2300 2.8 GHz/AMD Phenom II X4 945 3.0 GHz or equivalent,NVIDIA GTX 550 Ti 2GB/AMD Radeon HD 7870 2GB or equivalent,84,9.5,8.2
Schedule I,3164500,19.99,"Action, Indie, Simulation, Strategy, Early Access",266610,2025-03-24,TVGS,TVGS,TRUE,FALSE,FALSE,22327,3GHz 4-Core or similar,GeForce GTX 1060 or Radeon RX 580,NA,8,8.5
HELLDIVERS 2,553850,39.99,Action,813213,2024-02-08,Arrowhead Game Studios,PlayStation Publishing LLC,TRUE,FALSE,FALSE,38912,Intel Core i7-4790K or AMD Ryzen 5 1500X,NVIDIA GeForce GTX 1050 Ti or AMD Radeon RX 470,NA,NA,NA
Among Us,945360,4.99,Casual,639574,2018-11-16,Innersloth,Innersloth,TRUE,FALSE,FALSE,8244,INTEL i3-4330,NA,85,9,7.2
Sons Of The Forest,1326470,29.99,"Action, Adventure, Indie, Simulation",268154,2024-02-22,Endnight Games Ltd,Newnight ,TRUE,FALSE,FALSE,7847,INTEL CORE I5-8400 or AMD RYZEN 3 3300X,NVIDIA GeForce GTX 1060 3GB or AMD Radeon RX 570 4GB,NA,9,8.2
World of Warships,552990,0,"Action, Massively Multiplayer, Simulation, Strategy, Free To Play",2017,2017-11-15,Wargaming Group Limited,Wargaming Group Limited,TRUE,FALSE,FALSE,24664,"Intel® Core™ i3-3210 3.2 GHz,  AMD Athlon™ X4 970 Quad Core Processor 3,8 GHz","1920×1080; NVIDIA® GeForce® GTX 770, AMD Radeon™ RX 570 ; 2GB VRAM",81,8.3,6.7
NARAKA BLADEPOINT,1203220,0,"Action, Adventure, Massively Multiplayer, Free To Play",197606,2021-08-11,24 Entertainment,NetEase Games ,TRUE,FALSE,FALSE,6380,Intel i5 4th generation or AMD FX 6300 or equivalent,"NVIDIA GeForce GTX 750TI, Intel Arc A380, AMD HD 6950 or equivalent",NA,8,6.2
Grand Theft Auto V Legacy,271590,0,"Action, Adventure",1874242,2015-04-13,Rockstar North,Rockstar Games,TRUE,FALSE,FALSE,40535,Intel Core 2 Quad CPU Q6600 @ 2.40GHz (4 CPUs) / AMD Phenom 9850 Quad-Core Processor (4 CPUs) @ 2.5GHz,"NVIDIA 9800 GT 1GB / AMD HD 4870 1GB (DX 10, 10.1, 11)",96,NA,NA
Kathy Rain,370910,9.99,"Adventure, Indie",1795,2016-05-05,Clifftop Games,Raw Fury,TRUE,TRUE,FALSE,5,300 MHz Processor,320 x 240 32 bit,77,NR,7.3
Resident Evil Requiem,3764200,69.99,"Action, Adventure",93664,2026-02-26,"CAPCOM Co., Ltd.","CAPCOM Co., Ltd.",TRUE,FALSE,FALSE,12822,Intel corei5-8500 / AMD Ryzen 5 3500,GeForce GTX 1660 6GB /  Radeon RX 5500 XT 8GB,92,9,9.2
Throne and Liberty,2429640,0,"Action, Adventure, Massively Multiplayer, RPG, Free To Play",10827,2024-10-01,"NC, FirstSpark Games",Amazon Game Studios,TRUE,FALSE,FALSE,5755,Intel Core i5-6500,NVIDIA Geforce GTX960,NA,NR,6.4
Monster Hunter World,582010,29.99,Action,313689,2018-08-08,"CAPCOM Co., Ltd.","CAPCOM Co., Ltd.",TRUE,FALSE,FALSE,11128,Intel® Core™ i5 4460 or Core™ i3 9100F or AMD FX™-6300 or Ryzen™ 3 3200G,NVIDIA®GeForce®GTX 760 or GTX1050 or AMD Radeon™ R7 260x or RX 560,88,9.5,8.5
Starfield,1716740,49.99,RPG,112857,2023-09-05,Bethesda Game Studios,Bethesda Softworks,TRUE,FALSE,FALSE,21718,"AMD Ryzen 5 2600X, Intel Core i7-6800K","AMD Radeon RX 5700, NVIDIA GeForce 1070 Ti",NA,7,7.6
Counter-Strike,10,9.99,Action,167385,2000-11-01,Valve,Valve,TRUE,TRUE,TRUE,5986,NA,NA,88,7.9,8.4
Destiny 2,1085660,0,"Action, Adventure, Free To Play",133856,2019-10-01,Bungie,Bungie,TRUE,FALSE,FALSE,9186,Intel® Core™ i3 3250 3.5 GHz or Intel Pentium G4560 3.5 GHz / AMD FX-4350 4.2 GHz,NVIDIA® GeForce® GTX 660 2GB or GTX 1050 2GB / AMD Radeon HD 7850 2GB,83,8.5,7.5
ELDEN RING NIGHTREIGN,2622380,39.99,"Action, RPG",123465,2025-05-29,"FromSoftware, Inc.","FromSoftware, Inc., Bandai Namco Entertainment",TRUE,FALSE,FALSE,12126,Intel Core i5-10600 / AMD RYZEN 5 5500,NVIDIA GeForce GTX 1060 3GB / AMD Radeon RX 580 4GB,NA,7,7.9
Borderlands 4,1285190,69.99,"Action, Adventure, RPG",53810,2025-09-11,Gearbox Software,2K,TRUE,FALSE,FALSE,7179,Intel Core i7-9700 / AMD Ryzen 7 2700X,NVIDIA GeForce RTX 2070 / AMD Radeon RX 5700 XT / Intel Arc A580,81,8,7.9
Escape From Duckov,3167020,17.99,"Action, Adventure, Indie, RPG",81357,2025-10-16,Team Soda,bilibili,TRUE,TRUE,FALSE,1222,intel Core i7-9700/AMD Ryzen 5 5600,NVIDIA GeForce GTX 1060/AMD Radeon RX 6500 XT,NA,NR,8.2
The Elder Scrolls V Skyrim,72850,19.99,RPG,181080,2011-11-10,Bethesda Game Studios,Bethesda Softworks,TRUE,FALSE,FALSE,1079,Dual Core 2.0GHz or equivalent processor,NA,94,9.5,9.1
Crimson Desert,3321460,69.99,"Action, Adventure",86121,2026-03-19,Pearl Abyss,Pearl Abyss,TRUE,TRUE,FALSE,122103,Ryzen 5 2600X / i5-8500,RX 5500 XT / GTX 1060,NA,6,8.8
Dying Light 2 Stay Human Reloaded Edition,534380,59.99,"Action, Adventure, RPG",158837,2022-02-03,Techland,Techland,TRUE,FALSE,FALSE,3138,Intel Core i3-9100 / AMD Ryzen 3 2300X,NVIDIA® GeForce® GTX 1050 Ti / AMD Radeon™ RX 560 (4GB VRAM),NA,NA,NA
Halo Infinite,1240440,0,"Action, Free To Play",34196,2021-11-15,343 Industries,Xbox Game Studios,TRUE,FALSE,FALSE,3043,AMD Ryzen 5 1600 or Intel i5-4440,AMD RX 570 or Nvidia GTX 1050 Ti,NA,9,7.8
REPO,3241660,9.99,"Action, Early Access",300777,2025-02-26,semiwork,semiwork,TRUE,FALSE,FALSE,21752,Core i5 6600,GTX 970,NA,NR,8.2
The First Descendant,2074920,0,"Action, Adventure, RPG, Free To Play",NA,2024-06-30,"NEXON Games Co., Ltd.",NEXON,TRUE,FALSE,FALSE,2749,Intel i5-3570 / AMD FX-8350,GeForce GTX 1050Ti / AMD Radeon RX 570 / Intel Arc A380,NA,5,6.7
Last Epoch,899770,34.99,"Action, Adventure, Indie, RPG",105972,2024-02-21,Eleventh Hour Games,Eleventh Hour Games,TRUE,FALSE,FALSE,8662,Intel Core i5 2500 or AMD FX-4350,nVidia GTX 1060 / AMD RX 580 with 6GB of VRAM,80,8,7.6
Yu-Gi-Oh Master Duel,1449850,0,"Simulation, Strategy, Free To Play",NA,2022-01-18,KONAMI,KONAMI,TRUE,FALSE,FALSE,10338,Intel Core i5-9400F,NVIDIA GeForce GTX 1650,NA,NR,7.5
Rust,252490,39.99,"Action, Adventure, Indie, Massively Multiplayer, RPG",1125212,2018-02-08,Facepunch Studios,Facepunch Studios,TRUE,TRUE,FALSE,80955,AMD Ryzen 5 1400 or Intel Core i5-6600,"AMD Radeon RX 470, NVIDIA GeForce GTX 1060, Intel® Arc™ A580",69,7,6.9
Split Fiction,2001120,49.99,"Action, Adventure",72963,2025-03-06,Hazelight Studios,Electronic Arts,TRUE,FALSE,FALSE,2329,Intel Core i5-6600K or AMD Ryzen 5 2600X,NVIDIA GeForce GTX 970 - 4GB or Radeon RX 470 - 4GB,NA,9,8.9
Kingdom Come Deliverance II,1771300,59.99,"Action, Adventure, RPG",130853,2025-02-04,Warhorse Studios,Deep Silver,TRUE,FALSE,FALSE,9883,"Intel Core i5-8400, AMD Ryzen 5 2600","NVIDIA GeForce GTX 1060 (6GB), AMD Radeon RX 580",89,9,9.3
Team Fortress 2,440,0,"Action, Free To Play",46634,2007-10-10,Valve,Valve,TRUE,FALSE,TRUE,53711,1.7 GHz Processor or better,NA,92,8.9,8.2
Where Winds Meet,3564740,0,"Action, Adventure, RPG, Free To Play",NA,2025-11-14,Everstone Studio,NetEase Games,TRUE,FALSE,FALSE,19268,Core i7-7700K / Ryzen 5 1600,GTX 1060(6GB) / RX 480(8GB),NA,6,8.6
ARK Survival Evolved,346110,14.99,"Action, Adventure, Indie, Massively Multiplayer, RPG",575688,2017-08-27,"Studio Wildcard, Instinct Games, Efecto Studios, Virtual Basement LLC","Studio Wildcard, Snail Games USA",TRUE,TRUE,FALSE,14091,Intel Core i5-2400/AMD FX-8320 or better,NVIDIA GTX 670 2GB/AMD Radeon HD 7870 2GB or better,70,7.7,6.8
Mount  Blade II Bannerlord,261550,49.99,"Action, Indie, RPG, Simulation, Strategy",222732,2022-10-25,TaleWorlds Entertainment,TaleWorlds Entertainment,TRUE,FALSE,FALSE,14190,Intel® Core™ i3-8100 / AMD Ryzen™ 3 1200 / Snapdragon X Elite,Intel® UHD Graphics 630 / NVIDIA® GeForce® GTX 660 2GB / AMD Radeon™ HD 7850 2GB,77,NA,NA
PAYDAY 2,218620,9.99,"Action, RPG",442981,2013-08-13,OVERKILL - a Starbreeze Studio.,Starbreeze Entertainment,TRUE,FALSE,TRUE,19439,2 GHz Intel Dual Core Processor,Nvidia &amp; AMD (512MB VRAM),79,8,7.3
Delta Force,2507950,0,"Action, Adventure, Massively Multiplayer, Free To Play",NA,2024-12-04,Team Jade,TiMi Studio Group,TRUE,FALSE,FALSE,40594,Intel Core i3-4150 / AMD FX-6300,Nvidia Geforce GTX 660 / AMD HD 7870 / Intel Arc A380,NA,7,7.4
THE FINALS,2073850,0,"Action, Free To Play",NA,2023-12-07,Embark Studios,Embark Studios,TRUE,FALSE,FALSE,16189,Intel Core i5-6600K or AMD Ryzen R5 1600 processor,NVIDIA GeForce GTX 1050 Ti or AMD Radeon RX 580,NA,8,7.6
Lethal Company,1966720,9.99,"Action, Adventure, Indie, Early Access",407221,2023-10-23,Zeekerss,Zeekerss,TRUE,FALSE,FALSE,13084,Intel Core i5-7400 CPU @ 3.00GHz ; Shader Model 5,NVIDIA GForce GTX 1050,NA,7,8
Stardew Valley,413150,14.99,"Indie, RPG, Simulation",855858,2016-02-26,ConcernedApe,ConcernedApe,TRUE,TRUE,TRUE,58073,2 Ghz,"256 mb video memory, shader model 3.0+",89,10,9.1
Once Human,2139460,0,"Action, Adventure, RPG, Simulation, Strategy, Free To Play",NA,2024-07-09,Starry Studio,"Starry Studio, NetEase Games",TRUE,FALSE,FALSE,9090,Intel Core i5-4460,Nvidia GTX 750ti 4G / AMD Radeon RX550,NA,8,7.3
MONSTER HUNTER RISE,1446780,39.99,Action,76584,2022-01-12,"CAPCOM Co., Ltd.","CAPCOM Co., Ltd.",TRUE,FALSE,FALSE,5215,Intel® Core™ i3-4130 or Core™ i5-3470 or AMD FX™-6100,NVIDIA® GeForce® GT 1030 (DDR4) or AMD Radeon™ RX 550,86,8,8
Path of Exile,238960,0,"Action, Adventure, Indie, Massively Multiplayer, RPG, Free To Play",1032,2013-10-23,Grinding Gear Games,Grinding Gear Games,TRUE,TRUE,FALSE,23406,Quad core 2.6GHz x86-compatible,NVIDIA® GeForce® GTX 650 Ti or ATI Radeon™ HD 7850,86,7.6,7.6
Dragons Dogma 2,2054970,69.99,"Action, RPG",74147,2024-03-21,"CAPCOM Co., Ltd.","CAPCOM Co., Ltd.",TRUE,FALSE,FALSE,1174,Intel Core i5 10600 /  AMD Ryzen 5 3600,NVIDIA GeForce GTX 1070 / AMD Radeon RX 5500 XT with 8GB VRAM,88,8,7.8
FOR HONOR,304390,29.99,Action,104890,2017-02-13,"Ubisoft Montreal, Ubisoft Quebec, Ubisoft Toronto, Blue Byte",Ubisoft,TRUE,FALSE,FALSE,4106,Intel Core i3-4150 | AMD FX-4300 or equivalent,NVIDIA GeForce GTX950 / GTX1050 with 2 GB VRAM | AMD Radeon R9 270 / R9 370 / RX460 with 2 GB VRAM,76,8,6.8
Warhammer 40000 Space Marine 2,2183900,59.99,"Action, Adventure, RPG",152642,2024-09-09,Saber Interactive,Focus Entertainment,TRUE,FALSE,FALSE,10458,AMD Ryzen 5 2600X / Intel Core i5-8600K,"6 GB VRAM, AMD Radeon RX 580 / Nvidia GeForce GTX 1060",82,NA,NA
Dispatch,2592160,29.99,"Action, Adventure, Casual, Indie, Strategy",161444,2025-10-22,AdHoc Studio,AdHoc Studio,TRUE,FALSE,FALSE,1720,Intel(R) Core(TM) i5-6402p CPU / AMD Ryzen 5 1600 or higher,NVIDIA GeForce GTX960 / AMD Radeon RX560,87,9,9
Braveland,285800,9.99,"Adventure, Casual, Indie, RPG, Strategy",1183,2014-03-17,Tortuga Team,Tortuga Team,TRUE,TRUE,TRUE,4,1.7 GHz Dual Core,"NVIDIA GeForce GTX 260, ATI Radeon 4870 HD, Intel HD 3000, or equivalent card with at least 512 MB VRAM",NA,NR,6.6
The Elder Scrolls IV Oblivion Remastered,2623190,49.99,RPG,57451,2025-04-22,"Bethesda Game Studios, Virtuos",Bethesda Softworks,TRUE,FALSE,FALSE,1910,"AMD Ryzen 5 2600X, Intel Core i7-6800K","AMD Radeon RX 5700, NVIDIA GeForce 1070 Ti",NA,8,8.3
Skillshot City,308600,0,"Action, Indie, Free To Play, Early Access",114,2017-05-23,Ben Johnson (bencelot) ,Nik Nak Studios,TRUE,FALSE,TRUE,231,2.0 GHz dual core processor,1024MB. OpenGL 2.0+ recommended.,NA,NR,6.5
No Mans Sky,275850,59.99,"Action, Adventure",303744,2016-08-12,Hello Games,Hello Games,TRUE,TRUE,FALSE,17596,Intel Core i3,"Nvidia GTX 1060 3GB, AMD RX 470 4GB, Intel UHD graphics 630",61,7.8,7.7
Content Warning,2881650,7.99,"Action, Adventure, Indie",67022,2024-04-01,"Zorro, Wilnyl, Philip, thePetHen, Skog",Evil Landfall?,TRUE,FALSE,FALSE,2600,Intel Core i5 @ 2.5 GHz or equivalent,NVIDIA GeForce GTX 1050 ti or AMD R9 380,NA,NR,7.6
Dota Underlords,1046930,0,"Casual, Strategy, Free To Play",NA,2019-06-20,Valve,Valve,TRUE,TRUE,TRUE,479,"Intel i5, 2.4 Ghz or better",Integrated HD Graphics 520 w/128 MB or better,NA,NR,6.3
Tom Clancys Rainbow Six Siege,359550,0,"Action, Free To Play",1237497,2015-12-01,Ubisoft Montreal,Ubisoft,TRUE,FALSE,FALSE,93952,AMD Ryzen 3 3100 / Intel i3-8100,Nvidia GTX 1650 4GB / AMD RX 5500XT 4GB / Intel ARC A380 6GB,NA,NA,NA
Bongo Cat,3419430,0,"Casual, Indie, Massively Multiplayer, Simulation, Free To Play",NA,2025-03-05,"Marcel Zurawka, Julius Krüger",Irox Games,TRUE,TRUE,FALSE,102233,Intel i5 5200 or AMD Ryzen 5 5600X,Any,NA,NR,7.1
Total War THREE KINGDOMS,779340,59.99,"Action, Strategy",71594,2019-05-23,"CREATIVE ASSEMBLY, Feral Interactive (Mac), Feral Interactive (Linux)","SEGA, Feral Interactive (Mac), Feral Interactive (Linux)",TRUE,TRUE,TRUE,1993,Intel Core 2 Duo 3.00Ghz,GTX 650 Ti 1GB|HD 7850 1GB|Intel UHD Graphics 620,85,9.3,8.2
Stellar Blade,3489700,59.99,"Action, Adventure, RPG",55544,2025-06-11,SHIFT UP Corporation,PlayStation Publishing LLC (excluding China),TRUE,FALSE,FALSE,1702,Intel® Core™ i5-7600k Processor / AMD Ryzen™ 5 1600X Processor,NVIDIA GeForce GTX 1060 6GB or AMD Radeon RX 580 8GB,NA,7,8.6
Warframe,230410,0,"Action, RPG, Free To Play",2880,2013-03-25,Digital Extremes,Digital Extremes,TRUE,FALSE,FALSE,70170,"Intel Core i7 860, Intel Core i5 750, or AMD FX-4100 (SSE 4.2 support required)",NA,69,8.6,7.5
Football Manager 2020,1100600,0,"Simulation, Sports",17111,2019-11-19,Sports Interactive,SEGA,TRUE,TRUE,FALSE,516,"Intel Pentium 4 (64-bit), Intel Core 2 or AMD Athlon 64 – 2.2 GHz +","Intel GMA X4500, NVIDIA GeForce 9600M GT or AMD/ATI Mobility Radeon HD 3650 – 256MB VRAM",84,8.7,7.8
Dune Awakening,1172710,49.99,"Action, Adventure, Massively Multiplayer, RPG",63909,2025-06-10,Funcom,Funcom,TRUE,FALSE,FALSE,6895,Intel Core i5-7400 / AMD Ryzen 3 1200,NVIDIA GeForce GTX 1060 (6 GB) / AMD Radeon 5600XT (6 GB),NA,8,7.9
Grand Theft Auto V Enhanced,3240220,29.99,"Action, Adventure, Racing",161703,2025-03-04,Rockstar North,Rockstar Games,TRUE,FALSE,FALSE,35871,Intel® Core™ i7-4770 | AMD FX™-9590,NVIDIA GeForce® GTX 1630 (4GB VRAM) | AMD Radeon™ RX 6400 (4GB VRAM),NA,NA,NA
Satisfactory,526870,39.99,"Adventure, Indie, Simulation, Strategy",224530,2024-09-10,Coffee Stain Studios,Coffee Stain Publishing,TRUE,FALSE,FALSE,19758,i5-3570 3.4 GHz 4 Core,"Nvidia GTX 1650/GTX 1050-ti, or AMD RX 470/RX 570, or equivalent performance &amp; VRAM",91,9,8.8
 Tale of Immortal,1468810,19.99,"Action, Adventure, Indie, RPG, Simulation",191357,2023-05-26,鬼谷工作室,"鬼谷工作室, Lightning Games",TRUE,FALSE,FALSE,1360,2.50GHz,HD4400,NA,NA,NA
Manor Lords,1363080,39.99,"Simulation, Strategy, Early Access",72029,2024-04-26,Slavic Magic,Hooded Horse,TRUE,FALSE,FALSE,3572,Intel® Core™ i5-4670 (quad-core)  / AMD® FX-Series™ FX-4350 (quad-core),NVIDIA® GeForce® GTX 1050 (2 GB) / AMD® Radeon™ RX-460 (4 GB)  / Intel® Arc™ A380 (6 GB),NA,7,7.7
Fall Guys,1097150,0,"Action, Casual, Indie, Massively Multiplayer, Sports",413085,2020-08-03,Mediatonic,,TRUE,FALSE,FALSE,745,Intel Core i5 or AMD equivalent,NVIDIA GTX 660 or AMD Radeon HD 7950,80,8,7.2
Deadlock,1422450,0,Action,NA,NA,Valve,Valve,TRUE,FALSE,FALSE,NA,TBD,TBD,NA,NR,NA
PEAK,3527290,7.99,"Action, Adventure, Indie",252536,2025-06-16,Team PEAK,"Aggro Crab, Evil Landfall?",TRUE,FALSE,FALSE,23856,Intel Core i5 @ 2.5 GHz or equivalent,GTX 1060 or RX 6600 XT,NA,NR,8
Resident Evil 4,2050650,39.99,"Action, Adventure",159414,2023-03-23,"CAPCOM Co., Ltd.","CAPCOM Co., Ltd.",TRUE,FALSE,FALSE,18446,AMD Ryzen 3 1200 / Intel Core i5-7500,AMD Radeon RX 560 with 4GB VRAM / NVIDIA GeForce GTX 1050 Ti with 4GB VRAM,91,10,9.2
Total War WARHAMMER III,1142710,59.99,"Action, Strategy",99150,2022-02-16,"CREATIVE ASSEMBLY, Feral Interactive","SEGA, Feral Interactive",TRUE,TRUE,TRUE,15703,Intel i3/Ryzen 3 series,Nvidia GTX 900/AMD RX 400 series | Intel Iris Xe Graphics,86,9,8.4
Overwatch,2357570,0,"Action, Free To Play",264,2023-08-10,"Blizzard Entertainment, Inc.","Blizzard Entertainment, Inc.",TRUE,FALSE,FALSE,71397,Intel® Core™ i3 or AMD Phenom™ X3 8650,"NVIDIA® GeForce® GTX 600 series, AMD Radeon™ HD 7000 series",NA,8,6.2
Company of Heroes 2,231430,19.99,Strategy,68213,2013-06-25,"Relic Entertainment, Feral Interactive (Mac), Feral Interactive (Linux)","Relic Entertainment, Feral Interactive (Mac), Feral Interactive (Linux)",TRUE,TRUE,TRUE,1587,2Ghz Intel Core2 Duo or equivalent,512MB Direct3D 10 capable video card (GeForce 8800 GT or Radeon HD 2900XT),80,8.4,7.8
Sid Meiers Civilization VI,289070,59.99,Strategy,270974,2016-10-20,"Firaxis Games, Aspyr (Mac), Aspyr (Linux)","2K, Aspyr (Mac), Aspyr (Linux)",TRUE,TRUE,TRUE,24615,Intel Core i3 2.5 Ghz or AMD Phenom II 2.6 Ghz or greater,1 GB &amp; AMD 5570 or nVidia 450 or Intel Integrated Graphics 530,88,9.4,8.4
Left 4 Dead 2,550,9.99,Action,788834,2009-11-16,Valve,Valve,TRUE,FALSE,TRUE,28234,Pentium 4 3.0GHz,"Video card with 128 MB, Shader model 2.0. ATI X800, NVidia 6600 or better",89,9,8.5
Halo The Master Chief Collection,976730,39.99,Action,233901,2019-12-03,"343 Industries, Splash Damage, Ruffian Games, Bungie, Saber Interactive",Xbox Game Studios,TRUE,FALSE,FALSE,6938,AMD Phenom II X4 960T ; Intel i3550,AMD HD 6850 ; NVIDIA GeForce GTS 450,NA,9,9
Enshrouded,1203620,29.99,"Action, Adventure, Indie, RPG, Early Access",87542,2024-01-24,Keen Games GmbH,Keen Games GmbH,TRUE,FALSE,FALSE,9060,Intel Core i5-6400 (2.7 GHz 4 Core) / AMD Ryzen 5 1500X (3.5 GHz 4 Core) or equivalent,NVIDIA GeForce GTX 1060 (req. 6GB VRAM) / AMD Radeon RX 580 (req. 6GB VRAM) / Intel ARC A380,NA,8,8.4
ARMORED CORE VI FIRES OF RUBICON,1888160,59.99,Action,64940,2023-08-24,"FromSoftware, Inc.","FromSoftware, Inc., Bandai Namco Entertainment Inc.",TRUE,FALSE,FALSE,764,Intel Core i7-4790K | Intel Core i5-8400 or AMD Ryzen 7 1800X | AMD Ryzen 5 2600,"NVIDIA GeForce GTX 1650, 4 GB or AMD Radeon RX 480, 4 GB",86,8,8.7
Z1 Battle Royale,433850,0,"Action, Adventure, Free To Play, Massively Multiplayer",143196,2018-02-28,Daybreak Game Company,Daybreak Game Company,TRUE,FALSE,FALSE,25,Intel i5 Quad-Core,nVidia GeForce GTX 460 series or higher,70,7,6.4
V Rising,1604030,34.99,"Action, Adventure, Massively Multiplayer",107639,2024-05-08,Stunlock Studios,Stunlock Studios,TRUE,FALSE,FALSE,4393,"Intel Core i5-6600, 3.3 GHz or AMD Ryzen 5 1500X, 3.5 GHz","NVIDIA GeForce GTX 750 Ti (Maxwell or newer), 2 GB or AMD Radeon R7 360, 2 GB",NA,9,7.8
Rocket League,252950,0,"Action, Indie, Racing, Sports",435133,2015-07-06,Psyonix LLC,Psyonix LLC,TRUE,FALSE,FALSE,23362,2.5 GHz Dual core,"NVIDIA GeForce 760, AMD Radeon R7 270X, or better",86,8,7.7
Clair Obscur Expedition 33,1903340,49.99,"Action, RPG",171251,2025-04-24,Sandfall Interactive,Kepler Interactive,TRUE,FALSE,FALSE,6303,Intel Core i7-8700K / AMD Ryzen 5 1600X,NVIDIA GeForce GTX 1060 6 GB / AMD Radeon RX 5600 XT 6 GB / Intel Arc A380 6 GB,91,9,9.5
Crusader Kings II,203770,0,"RPG, Simulation, Strategy, Free To Play",30851,2012-02-14,Paradox Development Studio,Paradox Interactive,TRUE,TRUE,TRUE,1295,Intel® Pentium® IV 2.4 GHz or AMD 3500+,NA,82,8,8.2
Farming Simulator 25,2300320,29.99,Simulation,33533,2024-11-12,GIANTS Software,GIANTS Software,TRUE,TRUE,FALSE,18204,"Intel Core i5-6400, AMD Ryzen 5 1400, or better","Nvidia GeForce GTX 1050Ti, AMD Radeon RX 470 graphics card or better (min 3GB VRAM, DX12 support)",NA,NR,7.8
skate,3354750,0,"Action, Sports, Free To Play, Early Access",270,2025-09-16,Full Circle,Electronic Arts,TRUE,FALSE,FALSE,2381,Intel Core i5-6600k or AMD Ryzen 3 3300X,GeForce GTX 1050 Ti or Radeon RX 460 (4GB),NA,4,5.9
DELTARUNE,1671210,24.99,"Indie, RPG",90598,2025-06-04,tobyfox,tobyfox,TRUE,TRUE,FALSE,1243,NA,128 MB,NA,NA,NA
XCOM 2,268500,19.99,Strategy,78194,2016-02-04,"Firaxis Games, Feral Interactive (Mac), Feral Interactive (Linux)","2K, Feral Interactive (Mac), Feral Interactive (Linux)",TRUE,TRUE,TRUE,3916,Intel Core 2 Duo E4700 2.6 GHz or AMD Phenom 9950 Quad Core 2.6 GHz,"1GB ATI Radeon HD 5770, 1GB NVIDIA GeForce GTX 460 or better",88,9.3,8.4
Mecha BREAK,2452280,0,"Action, Massively Multiplayer, Free To Play",NA,2025-07-01,Amazing Seasun Games,Amazing Seasun Games,TRUE,FALSE,FALSE,740,Intel Core i5-6500/AMD Ryzen 3 1300X or above,NVIDIA GeForce GTX 1650/AMD Radeon RX 570 or above,NA,8,6.4
WUCHANG Fallen Feathers,2277560,59.99,"Action, Adventure, RPG",43132,2025-07-23,Leenzee,505 Games,TRUE,FALSE,FALSE,563,Intel Core i5-8400/AMD Ryzen 5 1600,NVIDIA GeForce GTX 1060 6GB/AMD Radeon RX 580 8GB,77,8,7.7
DARK SOULS III,374320,59.99,Action,273786,2016-04-11,"FromSoftware, Inc.","FromSoftware, Inc., Bandai Namco Entertainment",TRUE,FALSE,FALSE,3998,Intel Core i3-2100 / AMD® FX-6300,NVIDIA® GeForce GTX 750 Ti / ATI Radeon HD 7950,89,9.5,9.1
Human Fall Flat,477160,19.99,"Adventure, Casual, Indie, Simulation",172124,2016-07-22,No Brakes Games,Curve Games,TRUE,TRUE,FALSE,539,Intel Core2 Duo E6750 (2 * 2660) or equivalent | AMD Athlon 64 X2 Dual Core 6000+ (2 * 3000) or equivalent,GeForce GT 740 (2048 MB) or equivalent | Radeon HD 5770 (1024 MB),70,7.9,7.2
War Thunder,236390,0,"Action, Massively Multiplayer, Simulation, Free To Play",1965,2013-08-15,Gaijin Entertainment,Gaijin Network Ltd,TRUE,TRUE,TRUE,41047,Dual-Core 2.2 GHz,DirectX 11 level video card: AMD Radeon 77XX / NVIDIA GeForce GTX 660. The minimum supported resolution for the game is 720p.,81,7.2,5.3
7 Days to Die,251570,44.99,"Action, Adventure, Indie, RPG, Simulation, Strategy",271495,2024-07-25,The Fun Pimps,The Fun Pimps Entertainment LLC,TRUE,TRUE,TRUE,21387,2.8 Ghz Quad Core CPU,2 GB Dedicated Memory,NA,4.9,6.2
Sekiro Shadows Die Twice - GOTY Edition,814380,59.99,"Action, Adventure",252474,2019-03-21,"FromSoftware, Inc.","Activision (Excluding Japan and Asia), FromSoftware, Inc. (Japan), 方块游戏 (Asia)",TRUE,FALSE,FALSE,2413,Intel Core i3-2100 | AMD FX-6300,NVIDIA GeForce GTX 760 | AMD Radeon HD 7950,88,NA,NA
Limbus Company,1973530,0,,NA,2023-02-26,ProjectMoon,ProjectMoon,TRUE,FALSE,FALSE,18814,Intel Core i5,GeForce GT 1030,NA,NR,9.6
Borderlands 2,49520,19.99,"Action, RPG",214439,2012-09-17,"Gearbox Software, Aspyr (Mac), Aspyr (Linux)","2K, Aspyr (Mac), Aspyr (Linux)",TRUE,TRUE,TRUE,3201,2.4 GHz Dual Core Processor,NA,89,9,8.3
DRAGON BALL Sparking ZERO,1790600,69.99,Action,48356,2024-10-10,"Spike Chunsoft Co., Ltd.",Bandai Namco Entertainment,TRUE,FALSE,FALSE,914,Intel Core i5-9600K / AMD Ryzen 5 2600,Nvidia GeForce GTX 980 / AMD Radeon RX 590 / Intel Arc A750,83,7,8.1
Insurgency,222880,14.99,"Action, Indie, Strategy",86426,2014-01-22,New World Interactive,New World Interactive,TRUE,TRUE,TRUE,193,Intel® Core™ 2 Duo E6600 or AMD Phenom™ X3 8750 processor or better,Video card must be 512 MB or more and should be a DirectX 9-compatible with support for Pixel Shader 3.0,74,7.5,6.5
STALKER 2 Heart of Chornobyl,1643320,59.99,"Action, Adventure, RPG",100417,2024-11-20,GSC Game World,"GSC Game World (worldwide), SEGA (Japan), 4Divinity (China and South East Asia)",TRUE,FALSE,FALSE,2644,Intel Core i7-7700K / AMD Ryzen 5 1600X,Nvidia GeForce GTX 1060 6GB / AMD Radeon RX 580 8GB / Intel Arc A750,NA,8,8.3
Dying Light The Beast Restored Land,3008130,59.99,"Action, Adventure, RPG",55562,2025-09-18,Techland,Techland,TRUE,FALSE,FALSE,2934,Intel i5-9600K / AMD Ryzen 5 3600,NVIDIA GeForce 1060 / AMD Radeon 5500 XT / Intel ARC A750,NA,NA,NA
Dead by Daylight,381210,19.99,Action,652109,2016-06-14,Behaviour Interactive Inc.,Behaviour Interactive Inc.,TRUE,FALSE,FALSE,49272,Intel Core i3-4170 or AMD FX-8120,DX11 Compatible GeForce GTX 460 1GB or AMD HD 6850 1GB,NA,9,7.2
Shadowverse Worlds Beyond,2584990,0,"Casual, RPG, Strategy, Free To Play",NA,2025-06-14,"Cygames, Inc.","Cygames, Inc.",TRUE,FALSE,FALSE,3294,Intel® Core™ i5-8500 Processor / AMD Ryzen™ 5 3500,GeForce GTX™ 970 / AMD Radeon™ RX 6500 XT,NA,NR,6.5
Factorio,427520,35,"Casual, Indie, Simulation, Strategy",189623,2020-08-14,Wube Software LTD.,Wube Software LTD.,TRUE,TRUE,TRUE,14663,Quad core 3Ghz+,"DirectX 11 capable GPU with 1GB VRAM - GeForce GTX 750 Ti, Radeon R7 360 or Intel UHD Graphics 730",90,8,9
Call of Duty Black Ops,42710,39.99,Action,21613,2010-11-09,Treyarch,Activision,TRUE,FALSE,FALSE,139,Intel® Core™2 Duo E6600 or AMD Phenom™ X3 8750 or better,Shader 3.0 or better 256MB NVIDIA® GeForce® 8600GT / ATI Radeon® X1950Pro or better,81,8.5,8.4
Total War ROME II - Emperor Edition,214950,59.99,Strategy,56955,2013-09-02,"CREATIVE ASSEMBLY, Feral Interactive","SEGA, Feral Interactive",TRUE,TRUE,FALSE,3664,2 GHz Intel Dual Core processor / 2.6 GHz Intel Single Core processor,"512 MB DirectX 9.0c compatible card (shader model 3, vertex texture fetch support).",76,NA,NA
Megabonk,3405340,9.99,"Action, Casual, Indie",94805,2025-09-18,vedinad,vedinad,TRUE,FALSE,TRUE,5276,potato,no,NA,NR,8.1
Battlefield V,1238810,49.99,Action,231276,2020-10-22,DICE,Electronic Arts,TRUE,FALSE,FALSE,1366,AMD FX-8350/ Core i5 6600K,NVIDIA GeForce® GTX 1050 / NVIDIA GeForce® GTX 660 2GB or AMD Radeon™ RX 560 / HD 7850 2GB,NA,7.5,7.2
Dont Starve Together,322330,14.99,"Action, Adventure, Indie, RPG, Simulation, Strategy",364628,2016-04-21,Klei Entertainment,Klei Entertainment,TRUE,TRUE,TRUE,13232,1.7+ GHz or better,Radeon HD5450 or better; 256 MB or higher,83,NR,7.5
Mewgenics,686060,29.99,"Adventure, Indie, RPG, Simulation, Strategy",41224,2026-02-10,"Edmund McMillen, Tyler Glaiel","Edmund McMillen, Tyler Glaiel",TRUE,FALSE,FALSE,15223,"4 cores, from 2014 or later","2GB VRAM, OpenGL 4.4 or better",88,9,8.5
Tom Clancys The Division,365590,29.99,"Action, Adventure, RPG",76265,2016-03-07,Massive Entertainment,Ubisoft,TRUE,FALSE,FALSE,832,"Intel Core i5-2400 | AMD FX-6100, or better","NVIDIA GeForce GTX 560 with 2 GB VRAM (current equivalent NVIDIA GeForce GTX 760) | AMD Radeon HD 7770 with 2 GB VRAM, or better - See supported List*",NA,6.7,7.2
Granblue Fantasy Relink,881020,39.99,"Action, Adventure, RPG",37821,2024-01-31,"Cygames, Inc.","Cygames, Inc.",TRUE,FALSE,FALSE,745,Intel® Core™ i3-9100 / AMD Ryzen™ 3 3200G,NVIDIA® GeForce GTX™ 1060 6GB / AMD Radeon™ RX 580 8GB,NA,8,8
FragPunk,2943650,0,"Action, Free To Play",1623,2025-03-06,Bad Guitar Studio,NetEase Games,TRUE,FALSE,FALSE,1200,Intel Core i7-4790 or AMD Ryzen 3 3100,Nvidia GeForce GTX 750 TI / AMD RX 550 / Intel Arc A380,NA,7,6.8
Liars Bar,3097560,6.99,"Casual, Indie, Simulation, Strategy, Early Access",47532,2024-10-02,Curve Animation,Curve Animation,TRUE,FALSE,FALSE,730,Intel® Core™ i5-4670 (quad-core) / AMD® FX-Series™ FX-4350 (quad-core),NVIDIA® GeForce® GTX 1050 (2 GB) / AMD® Radeon™ RX-460 (4 GB) / Intel® Arc™ A380 (6 GB),NA,NR,7.1
Amarillos Butt Slapper,3231090,0,"Casual, Simulation, Free To Play",NA,2024-10-04,AmarilloArts,AmarilloArts,TRUE,FALSE,FALSE,1188,NA,NA,NA,NA,NA
Total War WARHAMMER,364360,59.99,"Action, Strategy",32504,2016-05-24,"CREATIVE ASSEMBLY, Feral Interactive (Linux), Feral Interactive (Mac)","SEGA, Feral Interactive (Linux), Feral Interactive (Mac)",TRUE,TRUE,TRUE,190,Intel® Core™ 2 Duo 3.0Ghz,(DirectX 11) AMD Radeon HD 5770 1024MB | NVIDIA GTS 450 1024MB | Intel HD4000 @720P,86,8.6,7.8
Hades II,1145350,29.99,"Action, Indie, RPG",108309,2025-09-25,Supergiant Games,Supergiant Games,TRUE,TRUE,FALSE,5281,Dual Core 2.4 GHz,"GeForce GTX 950, Radeon R7 360, or Intel HD Graphics 630",94,10,9.3
Call of Duty Modern Warfare 2 2009,10190,19.99,Action,34918,2009-11-11,Infinity Ward,Activision,TRUE,TRUE,FALSE,268,Intel Pentium 4 3.2 GHz or AMD Athlon 64 3200+ processor or better supported,256 MB NVIDIA GeForce 6600GT or better or ATI Radeon 1600XT or better,86,9.5,8.7
Phasmophobia,739630,19.99,"Action, Indie, Early Access",665856,2020-09-18,Kinetic Games,Kinetic Games,TRUE,FALSE,FALSE,15466,Intel Core i5-4590 / AMD Ryzen 5 2600,NVIDIA GTX 970 / AMD Radeon R9 390,NA,NR,7.4
Unturned,304930,0,"Action, Adventure, Casual, Indie, Free To Play",7523,2017-07-07,Smartly Dressed Games,Smartly Dressed Games,TRUE,TRUE,TRUE,8681,3 GHz,NA,NA,NR,6.4
EA SPORTS FIFA 23,1811260,0,"Simulation, Sports",123934,2022-09-30,"EA Canada, EA Romania",Electronic Arts,TRUE,FALSE,FALSE,503,Intel Core i5 6600k or AMD Ryzen 5 1600,NVIDIA GeForce GTX 1050 Ti or AMD Radeon RX 570,NA,NA,NA
REMNANT II,1282100,49.99,"Action, Adventure, RPG",44821,2023-07-25,Gunfire Games,"Arc Games, THQ Nordic",TRUE,FALSE,FALSE,1673,Intel Core i5-7600  / AMD Ryzen 5 2600,GeForce GTX 1650  / AMD Radeon RX 590,NA,9,8
EA SPORTS FC 25,2669320,69.99,"Simulation, Sports",96017,2024-09-26,"EA Canada, EA Romania",Electronic Arts,TRUE,FALSE,FALSE,5504,AMD Ryzen 5 1600 or Intel Core i5 6600k,AMD RX 570 or Nvidia GTX 1050 Ti,NA,6,5.4
Geometry Dash,322170,4.99,"Action, Indie",531675,2014-12-22,RobTop Games,RobTop Games,TRUE,TRUE,FALSE,58628,2.0+ GHz,OpenGL 2.0 support,NA,NR,8
The Forest,242760,19.99,"Action, Adventure, Indie, Simulation",568114,2018-04-30,Endnight Games Ltd,Endnight Games Ltd,TRUE,FALSE,FALSE,3810,Intel Dual-Core 2.4 GHz,NVIDIA GeForce 8800GT,83,8.4,7.7
Warhammer 40000 Darktide,1361210,39.99,"Action, Adventure, RPG",102887,2022-11-30,Fatshark,Fatshark,TRUE,FALSE,FALSE,4804,Intel i5-6600 (3.30GHz) OR AMD Ryzen 2400G (3.6 GHz),NVIDIA GeForce GTX 970 OR AMD Radeon RX 570,NA,8,6.9
Battlefield 2042,1517290,59.99,"Action, Adventure, Casual",258367,2021-11-19,DICE,Electronic Arts,TRUE,FALSE,FALSE,893,"AMD Ryzen 5 1600, Core i5 6600K","AMD Radeon RX 560,Nvidia GeForce GTX 1050 Ti",NA,7,5.9
EA SPORTS FC 24,2195250,0,"Simulation, Sports",94245,2023-09-28,"EA Canada, EA Romania",Electronic Arts,TRUE,FALSE,FALSE,1097,Intel Core i5-6600K @ 3.50GHz or AMD Ryzen 5 1600 @ 3.2 GHZ,NVIDIA GeForce GTX 1050 Ti 4GB or AMD Radeon RX 570 4GB,NA,7,5.9
Resident Evil Village,1196590,39.99,Action,99205,2021-05-06,"CAPCOM Co., Ltd.","CAPCOM Co., Ltd.",TRUE,FALSE,FALSE,4498,AMD Ryzen 3 1200  ／ Intel Core i5-7500,AMD Radeon RX 560 with 4GB VRAM ／ NVIDIA GeForce GTX 1050 Ti with 4GB VRAM,83,8,8.4
Farming Simulator 22,1248130,19.99,Simulation,67539,2021-11-21,Giants Software,Giants Software,TRUE,TRUE,FALSE,3433,Intel Core i5-3330 or AMD FX-8320 or better,GeForce GTX 660 or AMD Radeon R7 265 or better (min 2GB VRAM),NA,NR,8.1
DOOM Eternal,782330,39.99,Action,187276,2020-03-19,id Software,Bethesda Softworks,TRUE,FALSE,FALSE,792,"Intel Core i5 @ 3.3 GHz or better, or AMD Ryzen 3 @ 3.1 GHz or better","NVIDIA GeForce GTX 1050Ti (4GB), GTX 1060 (3GB), GTX 1650 (4GB) or AMD Radeon R9 280(3GB), AMD Radeon R9 290 (4GB), RX 470 (4GB)",88,9,8.7
Cities Skylines II,949230,49.99,Simulation,60092,2023-10-24,"Iceflake Studios, Colossal Order",Paradox Interactive,TRUE,FALSE,FALSE,7549,Intel® Core™ i7-6700K | AMD® Ryzen™ 5 2600X,Nvidia® GeForce™ GTX 970 (4 GB)  | AMD® Radeon™ RX 480 (8 GB),NA,6,6.3
Warhammer Vermintide 2,552500,29.99,"Action, Indie, RPG",90007,2018-03-08,Fatshark,Fatshark,TRUE,FALSE,FALSE,1278,Intel Core i5-2300 @ 2.80 GHz / AMD FX-4350 @ 4.2 GHz,NVIDIA GeForce GTX 460 or AMD Radeon HD 5870,82,8,7.3
Party Animals,1260320,19.99,"Action, Casual, Indie",54569,2023-09-20,Recreate Games,Source Technology,TRUE,FALSE,FALSE,1645,Intel Core i5 / AMD equivalent,"NVIDIA GTX 750-Ti / AMD RX 550, 2GB VRam",NA,7,7.4
The Witcher 3 Wild Hunt,292030,39.99,RPG,811895,2015-05-18,CD PROJEKT RED,CD PROJEKT RED,TRUE,FALSE,FALSE,7279,Intel CPU Core i5-2500K 3.3GHz / AMD A10-5800K APU (3.8GHz),Nvidia GPU GeForce GTX 660 / AMD GPU Radeon HD 7870,93,9.3,9.4
Raft,648800,19.99,"Adventure, Indie, Simulation",315774,2022-06-20,Redbeet Interactive,Axolot Games,TRUE,FALSE,FALSE,5918,Intel Core i5 2.6GHz or similar,GeForce GTX 700 series or similar,NA,NR,7.5
EA SPORTS FC 26,3405690,89.99,"Simulation, Sports",52861,2025-09-25,"EA Canada, EA Romania",Electronic Arts,TRUE,FALSE,FALSE,37950,AMD Ryzen 5 1600 or Intel Core i5 6600k,AMD RX 570 or Nvidia GTX 1050 Ti,NA,7,6.1
Counter-Strike Source,240,9.99,Action,133234,2004-11-01,Valve,Valve,TRUE,FALSE,TRUE,32691,NA,NA,88,NR,7.9
RV There Yet,3949040,7.99,"Action, Adventure, Indie",63666,2025-10-21,Nuggets Entertainment,Nuggets Entertainment,TRUE,FALSE,FALSE,3691,Core i7-3820 or equivalent,NVidia 970 or equivalent,NA,NR,7.8
Red Dead Redemption 2,1174180,59.99,"Action, Adventure",797679,2019-12-05,Rockstar Games,Rockstar Games,TRUE,FALSE,FALSE,27373,Intel® Core™ i5-2500K / AMD FX-6300,Nvidia GeForce GTX 770 2GB / AMD Radeon R9 280 3GB,93,10,9.7
Crusader Kings III,1158310,49.99,"RPG, Simulation, Strategy",92835,2020-09-01,Paradox Development Studio,Paradox Interactive,TRUE,TRUE,TRUE,15846,Intel Core i5-750 | AMD FX 4300,NVIDIA GeForce GTX 660 | AMD Radeon HD 7870 | Intel Arc A310 | Intel Iris Plus G7 | AMD Radeon Vega 11,91,10,8.5
DAVE THE DIVER,1868140,19.99,"Adventure, Casual, RPG, Simulation",131535,2023-06-28,MINTROCKET,MINTROCKET,TRUE,TRUE,FALSE,2143,Intel Core i3 Dual Core,NVIDIA Geforce GTS 450 / AMD Radeon HD 5570,90,9,8.5
Portal 2,620,9.99,"Action, Adventure",382003,2011-04-18,Valve,Valve,TRUE,FALSE,TRUE,1725,"3.0 GHz P4, Dual Core 2.0 (or higher) or AMD64X2 (or higher)",Video card must be 128 MB or more and with support for Pixel Shader 2.0b (ATI Radeon X800 or higher / NVIDIA GeForce 7600 or higher / Intel HD Graphics 2000 or higher).,95,9.5,9.2
ARK Survival Ascended,2399830,44.99,"Action, Adventure, Indie, Massively Multiplayer, RPG, Early Access",92729,2023-10-25,"Studio Wildcard, Grove Street Games, Instinct Games","Studio Wildcard, Snail Games USA",TRUE,FALSE,FALSE,28351,"AMD Ryzen 5 2600X, Intel Core i7-6800K","AMD Radeon RX 5600 XT, NVIDIA GeForce 1080",NA,NR,7.2
MIR4,1623660,0,"Action, Adventure, Massively Multiplayer, RPG, Free To Play",NA,2021-08-25,Wemade Next,Wemade,TRUE,FALSE,FALSE,12787,Intel® Core™ i5-5200U 2.2Hz,Nvidia GTX 650 / AMD Radeon 530,NA,NR,5.3
The Sims 4,1222670,0,"Adventure, Casual, Simulation, Free To Play",82839,2020-06-18,Maxis,Electronic Arts,TRUE,FALSE,FALSE,25700,"3.3 GHz Intel Core i3-3220 (2 cores, 4 threads), AMD Ryzen 3 1200 3.1 GHz (4 cores) or better","128 MB of Video RAM and support for Pixel Shader 3.0. Supported Video Cards: NVIDIA GeForce 6600 or better, ATI Radeon X1300 or better, Intel GMA X4500 or better",NA,8,7.4
Kingdom Come Deliverance,379430,29.99,"Action, Adventure, RPG",137704,2018-02-13,Warhorse Studios,"Warhorse Studios, Deep Silver",TRUE,FALSE,FALSE,2972,"Intel CPU Core i5-2500K 3.3GHz, AMD CPU Phenom II X4 940","Nvidia GPU GeForce GTX 660, AMD GPU Radeon HD 7870",76,8,8.2
RimWorld,294100,34.99,"Indie, Simulation, Strategy",200995,2018-10-17,Ludeon Studios,Ludeon Studios,TRUE,TRUE,TRUE,23815,Core 2 Duo,Intel HD Graphics 4000 or other shader model 4.0,87,NR,8.8
Hollow Knight,367520,14.99,"Action, Adventure, Indie",480476,2017-02-24,Team Cherry,Team Cherry,TRUE,TRUE,TRUE,6108,"Intel Core i3-3240, AMD FX-4300","GeForce GTX 560 Ti (1GB), Radeon HD 7750 (1GB)",87,9.4,9.3
FINAL FANTASY XIV Online,39210,19.99,"Massively Multiplayer, RPG",77008,2014-02-18,Square Enix,Square Enix,TRUE,FALSE,FALSE,19913,Intel® Core™i5-8400 or higher,"NVIDIA GeForce GTX 970 or higher, AMD Radeon RX 480 or higher",83,8.6,8.3
Chained Together,2567870,4.99,"Adventure, Casual, Indie, Simulation",51757,2024-06-19,Anegar Games,Anegar Games,TRUE,FALSE,FALSE,888,Intel Core i5-6600@ 3.1 GHz or AMD R5 1600X @ 3.5 GHz or equivalent,NVIDIA GeForce GTX 1650 or equivalent,NA,NR,6.6
Blue Protocol Star Resonance,3681810,0,"Action, Adventure, Massively Multiplayer, RPG, Free To Play",NA,2025-10-09,Shanghai Bokura Network Technology Co.Ltd,A Plus,TRUE,FALSE,FALSE,1271,Intel i7-8700 or AMD Ryzen 5 3600 or better,NVIDIA GeForce GTX 1060 6GB or AMD Radeon RX 580 or better,NA,NR,7
Borderlands 3,397540,59.99,"Action, RPG",126473,2020-03-13,Gearbox Software,2K,TRUE,FALSE,FALSE,2189,AMD FX-8350 or Intel i5-3570,AMD Radeon™ HD 7970 or NVIDIA GeForce GTX 680 2 GB,81,9,7.8
Divinity Original Sin 2 - Definitive Edition,435150,44.99,"Adventure, RPG, Strategy",176732,2017-09-14,Larian Studios,Larian Studios,TRUE,TRUE,FALSE,4626,Intel Core i5 or equivalent,NVIDIA® GeForce® GTX 550 or ATI™ Radeon™ HD 6XXX or higher,93,NA,NA
Hearts of Iron IV,394360,49.99,"Simulation, Strategy",271736,2016-06-06,Paradox Development Studio,Paradox Interactive,TRUE,TRUE,TRUE,22595,Intel® Core™ i5 750 | AMD® FX 4300,Nvidia® GeForce™ GTX 470 (1.28GB) | AMD® HD 5850 (1GB) | Intel Iris Xe G7 (Tiger Lake) | AMD® Radeon™ RX Vega 11,83,9,8.4
Sins of a Solar Empire Rebellion,204880,19.99,"Action, Indie, Simulation, Strategy",10189,2012-06-12,"Ironclad Games Corporation, Stardock Entertainment",Stardock Entertainment,TRUE,FALSE,FALSE,293,3 GHz Intel Pentium 4 Processor or Equivalent,256 MB Video Card w/Pixel Shader 3.0 Support (Radeon X1650 / GeForce,82,7.5,8.1
REMATCH,2138720,29.99,"Action, Indie, Sports",34982,2025-06-19,Sloclap,"Sloclap, Kepler Interactive",TRUE,FALSE,FALSE,3915,"AMD Ryzen 5 3400G / Intel Core i5-9400, or better","AMD Radeon RX 5500 (4GB) / NVIDIA GeForce RTX 1060 (4GB), or better",NA,NR,7.3
Far Cry 5,552520,59.99,"Action, Adventure",168846,2018-03-26,"Ubisoft Montreal, Red Storm, Ubisoft Shanghai, Ubisoft Toronto, Ubisoft Kiev",Ubisoft,TRUE,FALSE,FALSE,1586,Intel Core i5-2400 @ 3.1 GHz or AMD FX-6300 @ 3.5 GHz or equivalent,NVIDIA GeForce GTX 670 or AMD R9 270 (2GB VRAM with Shader Model 5.0 or better),NA,8.9,7.6
Sid Meiers Civilization V,8930,29.99,Strategy,126991,2010-09-21,"Firaxis Games, Aspyr (Mac), Aspyr (Linux)","2K, Aspyr (Mac), Aspyr (Linux)",TRUE,TRUE,TRUE,13940,Intel Core 2 Duo 1.8 GHz or AMD Athlon X2 64 2.0 GHz,"256 MB ATI HD2600 XT or better, 256 MB nVidia 7900 GS or better, or Core i3 or better integrated graphics",90,9,8.5
METAL GEAR SOLID V THE PHANTOM PAIN,287700,19.99,"Action, Adventure",71510,2015-09-01,KONAMI,KONAMI,TRUE,FALSE,FALSE,1136,Intel Core i5-4460 (3.40 GHz) or better; Quad-core or better,NVIDIA GeForce GTX 650 (2GB) or better (DirectX 11 card Required),91,10,8.6
Cats,2977660,0,"Action, Casual, Indie, Simulation, Free To Play",NA,2024-05-21,"100 Cozy Games, Cats","100 Cozy Games, Cats",TRUE,FALSE,FALSE,413,2 GHz Dual Core,512MB +,NA,NR,5.3
House Flipper,613100,24.99,"Indie, Simulation",90947,2018-05-17,Empyrean,"Frozen District, PlayWay S.A.",TRUE,TRUE,FALSE,9384,"Intel Core i3 3,20GHz / AMD Phenom II X4 955 3,2 GHz",GeForce GTX 560 / AMD R7-260X,67,NR,7.4
Tomb Raider Game of the Year,203160,19.99,"Action, Adventure",168343,2013-03-04,"Crystal Dynamics, Eidos-Montréal, Feral Interactive (Mac), Nixxes","Crystal Dynamics, Feral Interactive (Mac)",TRUE,TRUE,FALSE,920,"Dual core CPU: AMD Athlon64 X2 2.1 Ghz (4050+), Intel Core2 Duo 1.86 Ghz (E6300)","DirectX 9 graphics card with 512Mb Video RAM: AMD Radeon HD 2600 XT, nVidia 8600",86,NA,NA
Dragon Age The Veilguard,1845910,59.99,"Action, Adventure, RPG, Strategy",40413,2024-10-31,BioWare,Electronic Arts,TRUE,FALSE,FALSE,623,Intel Core i5-8400 / AMD Ryzen 3 3300X* (see notes),NVIDIA GTX 970/1650 / AMD Radeon R9 290X,NA,9,7.1
Revenge on gold diggers ,3350200,6.99,"Adventure, Indie, RPG, Strategy",46201,2025-06-19,前方工作室,前方工作室,TRUE,TRUE,FALSE,41,Core i3 / AMD equivalent,NA,NA,NA,NA
Devil May Cry 5,601150,29.99,Action,110936,2019-03-07,"CAPCOM Co., Ltd.","CAPCOM Co., Ltd.",TRUE,FALSE,FALSE,1006,"Intel® Core™ i5-4460, AMD FX™-6300, or better","NVIDIA® GeForce® GTX 760 or AMD Radeon™ R7 260x with 2GB Video RAM, or better",89,9.5,8.4
Football Manager 2022,1569040,0,"Simulation, Sports",13795,2021-11-09,Sports Interactive,SEGA,TRUE,TRUE,FALSE,720,Intel Core 2 or AMD Athlon 64 1.8GHz+,"Intel GMA X4500, NVIDIA GeForece 9600M GT, AMD/ATI Mobility Raedon HD 3650 - 256MB VRAM",85,NR,8.1
Starbound,211820,14.99,"Action, Adventure, Casual, Indie, RPG",120550,2016-07-22,Chucklefish,Chucklefish,TRUE,TRUE,TRUE,864,Core 2 Duo,256 MB graphics memory and directx 9.0c compatible gpu,81,9.1,7.5
Marathon,3065800,39.99,Action,34496,2026-03-05,Bungie,Bungie,TRUE,FALSE,FALSE,23617,Intel Core i5-6600 / AMD Ryzen 5 2600,"NVIDIA GeForce GTX 1050 Ti (4 GB) / AMD Radeon RX 5500 XT (4 GB) / Intel Arc A580 (8 GB, with ReBAR on)",NA,9,8.1
Nioh 3,3681010,69.99,"Action, RPG",10388,2026-02-05,"KOEI TECMO GAMES CO., LTD.","KOEI TECMO GAMES CO., LTD.",TRUE,FALSE,FALSE,1307,"Intel Core i5-10400, AMD Ryzen 5 2600 6 cores / 12 threads or higher","NVIDIA GeForce GTX 1060 VRAM 6GB, AMD Radeon RX 5600 XT (Rev. 2.0) VRAM 6GB",85,9,8.4
Umamusume Pretty Derby,3224770,0,"Simulation, Sports, Free To Play",NA,2025-06-24,"Cygames, Inc.","Cygames, Inc.",TRUE,FALSE,FALSE,12351,Core i3-4360 / AMD A8-7650K,GeForce GTX 750Ti / Radeon R7 250X,NA,NR,8.5
inZOI,2456740,39.99,"Adventure, Casual, Simulation, Early Access",27316,2025-03-27,inZOI Studio,"KRAFTON, Inc.",TRUE,TRUE,FALSE,1967,"Intel i5 10400, AMD Ryzen 5 3600","NVIDIA RTX 2060 (6G VRAM), AMD Radeon RX 5600 XT (6G VRAM)",NA,6,8.4
BattleBit Remastered,671860,14.99,"Action, Massively Multiplayer, Early Access",127353,2023-06-15,"SgtOkiDoki, Vilaskis, TheLiquidHorse",SgtOkiDoki,TRUE,FALSE,FALSE,408,Intel Core i5-2310,Geforce GTS 450 or equivalent or better,NA,7,7.9
Sid Meiers Civilization Beyond Earth,65980,39.99,Strategy,13923,2014-10-23,"Firaxis Games, Aspyr (Mac), Aspyr (Linux)","2K, Aspyr (Mac), Aspyr (Linux)",TRUE,TRUE,TRUE,270,Intel Core 2 Duo 1.8 GHz or AMD Athlon X2 64 2.0 GHz,"256 MB ATI HD3650 or better, 256 MB nVidia 8800 GT or better, or Intel HD 3000 or better integrated graphics",81,7.9,6.5
Need for Speed Heat,1222680,69.99,"Action, Adventure, Racing, Sports",122330,2020-06-04,Ghost Games,Electronic Arts,TRUE,FALSE,FALSE,1884,FX-6350 or Equivalent; Core i5-3570 or Equivalent,AMD: Radeon 7970/Radeon R9 280x or Equivalent; NVIDIA: GeForce GTX 760 or Equivalent,72,8,7.3
Metaphor ReFantazio,2679460,69.99,"Action, Adventure, RPG",23495,2024-10-10,ATLUS,SEGA,TRUE,FALSE,FALSE,1240,Intel Core i5-3470 or AMD FX-6300,"NVIDIA GeForce GTX 750 Ti, 4GB or AMD Radeon R7 360, 4GB or Intel Arc A310, 4GB",92,9,9
VPet-Simulator,1920960,0,"Casual, Indie, RPG, Simulation, Free To Play",NA,2023-08-13,LB Game,LB Game,TRUE,FALSE,FALSE,3453,2 Core CPU,Iris or better,NA,NR,8
Total War WARHAMMER II,594570,59.99,"Action, Strategy",87714,2017-09-28,"CREATIVE ASSEMBLY, Feral Interactive (Mac), Feral Interactive (Linux)","SEGA, Feral Interactive (Mac), Feral Interactive (Linux)",TRUE,TRUE,TRUE,761,Intel® Core™ 2 Duo 3.0Ghz,NVIDIA GTX 460 1GB | AMD Radeon HD 5770 1GB | Intel HD4000 @720p,87,9.1,8.6
Football Manager 26,3551340,59.99,"Simulation, Sports, Strategy",18407,2025-11-04,Sports Interactive,SEGA,TRUE,TRUE,FALSE,15568,Desktop: Intel Core i3-530 or AMD FX-4100  Laptop: Intel Core i3-330M or AMD A6-5200  Requires SSE4.2 &amp; SSSE3,Desktop: NVIDIA GeForce GTX 960 or AMD Radeon R9 380 or Intel HD 530  Laptop: NVIDIA GeForce GTX 960M or AMD Radeon R9 M375 or Intel HD 530  512MiB VRAM,NA,NR,5.7
Sid Meiers Civilization VII,1295660,69.99,"Simulation, Strategy",40638,2025-02-10,Firaxis Games,2K,TRUE,TRUE,TRUE,6532,Intel i5-4690 / Intel i3-10100 / AMD Ryzen 3 1200,NVIDIA GTX 1050 / AMD RX 460 / Intel Arc A380,79,7,6.2
Digimon Story Time Stranger,1984270,69.99,RPG,14410,2025-10-02,Media.Vision Inc.,Bandai Namco Entertainment Inc.,TRUE,FALSE,FALSE,1644,Intel Core i5-8400 /AMD Ryzen5 3600,Nvidia GeForce GTX 970 [4 GB] / AMD Radeon RX 580 [8 GB] /Intel Arc A580 [8 GB],NA,8,8.5
LEGO Star Wars The Skywalker Saga,920210,49.99,"Action, Adventure",37482,2022-04-05,TT Games,"Warner Bros. Games, Warner Bros. Interactive Entertainment",TRUE,FALSE,FALSE,605,Intel Core i5-2400 or AMD Ryzen 3 1200,GeForce GTX 750 Ti or Radeon HD 7850,78,8,7.8
Nobody - The Turnaround,1810580,0,"Simulation, Strategy, Early Access",8234,2022-11-16,U.Ground Game Studio,Thermite Games,TRUE,TRUE,FALSE,15,i3-530 2.93GHZ 2 Core,Nvidia GPU GeForce GTX 750 Ti 2GB,NA,NA,NA
Forza Horizon 5,1551360,59.99,"Action, Adventure, Racing, Simulation, Sports",248157,2021-11-08,Playground Games,Xbox Game Studios,TRUE,FALSE,FALSE,6469,Intel i5-4460 or AMD Ryzen 3 1200,"NVidia GTX 970, AMD RX 470, OR Intel Arc A380",NA,10,8.5
VRChat,438100,0,"Adventure, Casual, Massively Multiplayer, Simulation, Sports, Free To Play, Early Access",148,2017-02-01,VRChat Inc.,VRChat Inc.,TRUE,FALSE,FALSE,46580,Intel® i5-4590 / AMD FX 8350 equivalent or greater,NVIDIA GeForce® GTX 970 / AMD Radeon™ R9 290 equivalent or greater,NA,NR,7.3
DARK SOULS II,236430,39.99,"Action, RPG",31963,2014-04-25,"FromSoftware, Inc.","BANDAI NAMCO Entertainment, FromSoftware, Inc.",TRUE,FALSE,FALSE,170,AMD® Phenom II™ X2 555 3.2Ghz or Intel® Pentium Core ™ 2 Duo E8500 3.17Ghz,"NVIDIA® GeForce® 9600GT, ATI Radeon™ HD 5870",91,9,7.8
DayZ,221100,49.99,"Action, Adventure, Massively Multiplayer",378880,2018-12-13,Bohemia Interactive,Bohemia Interactive,TRUE,FALSE,FALSE,37530,Intel Core i5-4430 or AMD Ryzen 5 2600 Six-Core,NVIDIA GeForce GTX 760 or AMD R9 270X,NA,NR,6.6
PAYDAY 3,1272080,29.99,"Action, Adventure, RPG",47474,2023-09-21,Starbreeze Studios,Starbreeze Entertainment,TRUE,FALSE,FALSE,313,Intel Core i5-9400F,Nvidia GTX 1650 (4 GB) or AMD Radeon RX 580 (4GB),66,7,5.6
Europa Universalis V,3450310,59.99,Strategy,22260,2025-11-04,Paradox Tinto,Paradox Interactive,TRUE,FALSE,FALSE,5547,Intel® Core™ i7-8700K | AMD® Ryzen™ 5 3600,Nvidia® GeForce™ GTX 1060 (6GB) | AMD® Radeon™ RX 580 (8GB) | Intel® Arc™ A380 (6GB) | Intel® Arc™ 140V,NA,8,8.4
Ghost of Tsushima DIRECTORS CUT,2215430,59.99,"Action, Adventure",60090,2024-05-16,"Sucker Punch Productions, Nixxes Software",PlayStation Publishing LLC,TRUE,FALSE,FALSE,2940,Intel Core i3-7100 or AMD Ryzen 3 1200,NVIDIA GeForce GTX 960 or AMD Radeon RX 5500 XT,NA,8,9
Vampire Survivors,1794680,4.99,"Action, Casual, Indie, RPG",247359,2022-10-20,poncle,poncle,TRUE,TRUE,FALSE,2709,x64 architecture with SSE2 instruction set support,"DX11, DX12 capable",86,8,8.3
Bless Unleashed,1254120,0,"Action, Massively Multiplayer, RPG, Free To Play",209,2021-08-06,VALOFE,VALOFE,TRUE,FALSE,FALSE,230,Intel Core i5-4430 / AMD FX-6300,NVIDIA GeForce GTX 960 2GB / AMD Radeon R7 370 2GB,NA,NR,5.3
Crab Game,1782210,0,"Action, Casual, Free To Play, Indie, Racing",NA,2021-10-29,Dani,Dani,TRUE,TRUE,TRUE,617,"Intel Core i3 2,00 GHz",Intel HD 520,NA,NR,6.6
Wo Long Fallen Dynasty,1448440,39.99,"Action, Adventure, RPG",20508,2023-03-03,"KOEI TECMO GAMES CO., LTD.","KOEI TECMO GAMES CO., LTD., CE-Asia(Asia)",TRUE,FALSE,FALSE,68,Intel® Core™ i5-8400、AMD Ryzen™ 5 3400G,GeForce GTX 1650 4GB、Radeon RX 570 4GB,79,8,7.3
Forza Horizon 4,1293830,0,Racing,276523,2021-03-09,Playground Games,Xbox Game Studios,TRUE,FALSE,FALSE,1173,Intel i3-4170 @ 3.7Ghz OR Intel i5 750 @ 2.67Ghz,NVidia 650TI OR AMD R7 250x,NA,9.6,8.5
Risk of Rain 2,632360,24.99,"Action, Indie",234279,2020-08-11,Hopoo Games,Gearbox Publishing,TRUE,FALSE,FALSE,11000,Intel Core i3-6100 / AMD FX-8350,GTX 580 / AMD HD 7870,85,9,8.4
Resident Evil 2,883710,39.99,Action,142636,2019-01-24,"CAPCOM Co., Ltd.","CAPCOM Co., Ltd.",TRUE,FALSE,FALSE,8083,Intel® Core™ i5-4460 or AMD FX™-6300 or better,NVIDIA® GeForce® GTX 960 or AMD Radeon™ RX 460,89,9,8.8
Age of Empires IV Anniversary Edition,1466860,39.99,Strategy,69039,2021-10-28,"World's Edge, Relic Entertainment, Forgotten Empires, Climax Studios",Xbox Game Studios,TRUE,FALSE,FALSE,6164,Intel Core i5-6300U or AMD Ryzen 5 2400G | CPU with AVX support required,Intel HD 520 or AMD Radeon RX Vega 11,81,NA,NA
Euro Truck Simulator 2,227300,19.99,"Indie, Simulation",755783,2012-10-12,SCS Software,SCS Software,TRUE,TRUE,TRUE,17366,Intel Core i5-6400 or AMD Ryzen 3 1200 or similar,NVIDIA GeForce GTX 660 or AMD Radeon RX 460 or Intel HD 630 (2GB VRAM),79,NR,8.2
Garrys Mod,4000,9.99,"Casual, Indie, Simulation",1060792,2006-11-29,Facepunch Studios,Valve,TRUE,TRUE,TRUE,18844,2 GHz Processor or better,1GB dedicated VRAM or better,NA,NR,8.4
God of War,1593500,49.99,"Action, Adventure, RPG",124844,2022-01-14,"Santa Monica Studio, Jetpack Interactive",PlayStation Publishing LLC,TRUE,FALSE,FALSE,2290,Intel i5-2500k (4 core 3.3 GHz) or AMD Ryzen 3 1200 (4 core 3.1 GHz),NVIDIA GTX 960 (4 GB) or AMD R9 290X (4 GB),93,10,9.3
Fallout 76,1151340,39.99,RPG,76330,2020-04-14,Bethesda Game Studios,Bethesda Softworks,TRUE,FALSE,FALSE,9568,Intel Core i5-6600k 3.5 GHz /AMD Ryzen 3 1300X 3.5 GHz or equivalent,NVIDIA GTX 780 3GB /AMD Radeon R9 285 2GB or equivalent,NA,7,6.1
Football Manager 2017,482730,0,"Simulation, Sports",7785,2016-11-03,Sports Interactive,SEGA,TRUE,TRUE,TRUE,179,"Intel Pentium 4, Intel Core or AMD Athlon – 2.2 GHz +","Intel GMA X3100, NVIDIA GeForce 8600M GT or AMD/ATI Mobility Radeon HD 2400 – 256MB VRAM",80,NR,7.9
Gray Zone Warfare,2479810,39.99,"Action, Massively Multiplayer, Simulation, Early Access",63473,2024-04-30,"MADFINGER Games, a.s.","MADFINGER Games, a.s.",TRUE,FALSE,FALSE,26365,Intel® Core™ i5-8600 / AMD Ryzen™ 5 2600 (AVX2 support required),NVIDIA® GeForce® GTX 1080 8GB / 2060 SUPER 8GB  / RTX 3060 8GB / RTX 4060 8GB / AMD Radeon™ RX 5700 8GB / RX 6600 8GB / Intel® Arc™ A770 8GB,NA,6,8.7
The Scroll Of Taiwu,838350,19.99,"Adventure, Casual, Indie, RPG, Strategy, Early Access",50227,2018-09-20,ConchShip Games,ConchShip Games,TRUE,FALSE,FALSE,365,2.50GHz,HD4400,NA,NA,NA
Street Fighter 6,1364780,39.99,"Action, Adventure",45520,2023-06-01,"CAPCOM Co., Ltd.","CAPCOM Co., Ltd.",TRUE,FALSE,FALSE,7669,Intel Core i5-7500 / AMD Ryzen 3 1200,GTX1060 (VRAM 6GB) / Radeon RX 580 (VRAM 4GB),92,9,8.5
ULTRAKILL,1229490,24.99,"Action, Indie, Early Access",194825,2020-09-03,"Arsi ""Hakita"" Patala",New Blood Interactive,TRUE,FALSE,FALSE,6913,2.4 GHz Dual Core Processor Or Higher,GeForce GTX 560 Or Equivalent,NA,NR,9.3
Call of Duty Black Ops II,202990,59.99,Action,22592,2012-11-12,Treyarch,Activision,TRUE,FALSE,FALSE,95,Intel Core2 Duo E8200 2.66 GHz or AMD Phenom X3 8750 2.4 GHz,Nvidia GeForce 8800GT 512 MB or ATI Radeon HD 3870 512 MB,74,9.3,8.5
It Takes Two,1426210,39.99,"Action, Adventure",209942,2021-03-25,Hazelight Studios,Electronic Arts,TRUE,FALSE,FALSE,2822,Intel Core i3-2100T or AMD FX 6100,Nvidia GeForce GTX 660 or AMD R7 260x,89,9,9
The Binding of Isaac Rebirth,250900,14.99,Action,352572,2014-11-04,"Nicalis, Inc., Edmund McMillen","Nicalis, Inc.",TRUE,TRUE,TRUE,16040,Core 2 Duo,Discreet video card,NA,9,8.7
XCOM Enemy Unknown,200510,14.99,Strategy,39857,2012-10-08,"Firaxis Games, Feral Interactive (Linux)","2K, Feral Interactive (Linux)",TRUE,FALSE,TRUE,607,2 GHz Dual Core,NVIDIA GeForce 8600 GT / ATI Radeon HD 2600 XT or greater,89,8.2,8.3
Victoria 3,529340,49.99,"Simulation, Strategy",40337,2022-10-25,Paradox Development Studio,Paradox Interactive,TRUE,TRUE,TRUE,4395,Intel® Core™ i5-3470  |  AMD® FX™ 9370 (AVX support required),Nvidia® GeForce™ GTX 660 (2GB)  |  AMD® Radeon™ R7 370 (2GB) or Intel® Iris® Xe Graphics or AMD® Radeon™ Vega 8,NA,8,7.6
Killing Floor 2,232090,29.99,Action,87161,2016-11-18,Tripwire Interactive,Tripwire Interactive,TRUE,FALSE,FALSE,4626,Core 2 Duo E8200 2.66GHz or Phenom II X2 545,GeForce GTS 250 or Radeon HD 4830,75,8,7.1
The Elder Scrolls V Skyrim Special Edition,489830,39.99,RPG,209083,2016-10-27,Bethesda Game Studios,Bethesda Softworks,TRUE,FALSE,FALSE,24196,Intel i5-750/AMD Phenom II X4-945,NVIDIA GTX 470 1GB /AMD HD 7870 2GB,74,7.3,9
DYNASTY WARRIORS ORIGINS,2384580,69.99,"Action, RPG, Strategy",18669,2025-01-16,"KOEI TECMO GAMES CO., LTD.","KOEI TECMO GAMES CO., LTD.",TRUE,FALSE,FALSE,476,"Intel Core i5-8400 or higher, AMD Ryzen 5 2600 or higher","NVIDIA GeForce GTX 1060 (VRAM 6GB) or better, AMD Radeon RX 590 (VRAM 8GB) or better",84,9,8.3
Stellaris,281990,39.99,"Simulation, Strategy",139419,2016-05-09,Paradox Development Studio,Paradox Interactive,TRUE,TRUE,TRUE,13153,Intel® iCore™ i3-530 or AMD® FX-6350,"Nvidia® GeForce™ GTX 460 or AMD® ATI Radeon™ HD 5870  (1GB VRAM), or AMD® Radeon™  RX Vega 11 or Intel® HD Graphics 4600",78,6.3,8.2
SCUM,513710,44.99,"Action, Adventure, Indie, Massively Multiplayer",95970,2025-06-17,Gamepires,Gamepires,TRUE,FALSE,FALSE,5792,Intel Core i5-4430 / AMD FX-6300,NVIDIA GeForce GTX 1060 3GB / AMD Radeon RX 480 4GB,NA,NR,6.6
Borderlands The Pre-Sequel,261640,39.99,"Action, RPG",32494,2014-10-13,"2K Australia, Gearbox Software, Aspyr (Linux)","2K, Aspyr (Linux)",TRUE,TRUE,TRUE,371,2.4 GHz Dual Core Processor,NVIDIA GeForce 8500 / ATI Radeon HD 2600,75,8,7.3
Middle-earth Shadow of War,356190,49.99,"Action, Adventure, RPG",85691,2017-10-09,Monolith Productions,WB Games,TRUE,FALSE,FALSE,1610,"AMD FX-4350, 4.2 GHz / Intel Core i5-2300, 2.80 GHz","AMD HD 7870, 2 GB / NVIDIA GTX 660, 2 GB",NA,9,8.1
Cookie Clicker,1454400,4.99,"Casual, Indie, Simulation, Strategy",84333,2021-09-01,"Orteil, DashNet",Playsaurus,TRUE,TRUE,FALSE,8738,"2.33GHz or faster x86-compatible processor, or Intel Atom™ 1.6GHz or faster processor for netbook class devices",NA,NA,NR,7.4
STAR WARS Jedi Survivor,1774580,69.99,"Action, Adventure",74785,2023-04-27,Respawn,Electronic Arts,TRUE,FALSE,FALSE,2136,4 core / 8 threads  | Intel Core i7-7700  | Ryzen 5 1400,8GB VRAM |  GTX 1070  |  Radeon RX 580,NA,9,8.5
Sea of Thieves 2026 Edition,1172620,39.99,"Action, Adventure",317591,2020-06-03,Rare Ltd,Xbox Game Studios,TRUE,FALSE,FALSE,5560,Intel i3 4170 @ 3.7 GHz or AMD FX-6300 @ 3.5 GHz,Nvidia GeForce GTX 660 or AMD Radeon R9 270,NA,NA,NA
Marvels Spider-Man Remastered,1817070,59.99,"Action, Adventure, Casual",92741,2022-08-12,"Insomniac Games, Nixxes Software",PlayStation Publishing LLC,TRUE,FALSE,FALSE,2877,"Intel Core i3-4160, 3.6 GHz or AMD equivalent",NVIDIA GTX 950 or AMD Radeon RX 470,NA,9,8.9
Heartopia,4025700,0,"Casual, Simulation, Free To Play",NA,2026-01-16,XD,XD,TRUE,FALSE,FALSE,14507,Intel Core i5 2500 or AMD FX-4350,Nvidia GTX 660Ti or AMD R9 270,NA,NR,9.1
Counter-StrikeGlobal Offensive,4465480,0,"Action, Free To Play",NA,2012-08-21,Valve,Valve,TRUE,FALSE,TRUE,19570,Intel® Core™ 2 Duo E6600 or AMD Phenom™ X3 8750 processor or better,Video card must be 256 MB or more and should be a DirectX 9-compatible with support for Pixel Shader 3.0,NA,NA,NA
Arena Breakout Infinite,2073620,0,"Action, Adventure, Massively Multiplayer, RPG, Strategy, Free To Play",NA,2025-09-15,Morefun Studios,Morefun Studios,TRUE,FALSE,FALSE,17599,Intel Core i5-7500 or AMD Ryzen 5 1400,NVIDIA GTX 960 2G or AMD Radeon RX 5500 or Intel Arc A380,NA,NR,7.8
Back 4 Blood,924970,59.99,Action,54499,2021-10-12,Turtle Rock Studios,Warner Bros. Games,TRUE,FALSE,FALSE,725,Intel Core i5-6600 (3.3 GHz) OR AMD Ryzen 5 2600 (3.4 GHz),NVIDIA GeForce GTX 1050 Ti OR AMD Radeon RX 570,77,8,6.4
Clicker Heroes,363970,0,"Adventure, Casual, Indie, RPG, Simulation, Strategy, Free To Play",755,2015-05-13,Playsaurus,Playsaurus,TRUE,TRUE,FALSE,1663,2.0 GHz dual-core processor,Integrated Graphics,NA,NR,5.8
The Seven Deadly Sins Origin,3679080,0,"Action, Adventure, Massively Multiplayer, RPG, Simulation, Free To Play",NA,2026-03-16,Netmarble F&C,Netmarble,TRUE,FALSE,FALSE,13347,i5-2500K / AMD FX-8350,NVIDIA GeForce GTX 1060 6GB,NA,5,7.8
Project Zomboid,108600,19.99,"Indie, RPG, Simulation, Early Access",336824,2013-11-08,The Indie Stone,The Indie Stone,TRUE,TRUE,TRUE,28436,Intel 2.77GHz Quad-core,NA,NA,NR,8.2
BioShock Infinite,8870,29.99,Action,108384,2013-03-25,"Irrational Games, Virtual Programming (Linux)",2K,TRUE,TRUE,TRUE,408,Intel Core 2 DUO 2.4 GHz / AMD Athlon X2 2.7 GHz,NA,94,9.4,8.7
